Type,Part Number,Brand,Model,Rank,Benchmark,Samples,URL
RAM,F4-2400C14Q2-128GRK,G.SKILL,Ripjaws 4 DDR4 2400 C14 8x16GB,1,123,42,https://ram.userbenchmark.com/GSKILL-Ripjaws-4-DDR4-2400-C14-8x16GB/Rating/3567
RAM,F4-3200C14Q-64GTZ,G.SKILL,Trident Z DDR4 3200 C14 4x16GB,2,112,736,https://ram.userbenchmark.com/GSKILL-Trident-Z-DDR4-3200-C14-4x16GB/Rating/3612
RAM,BLS4K8G4D240FSA,Crucial,Ballistix Sport DDR4 2400 C16 8x4GB,3,110,82,https://ram.userbenchmark.com/SpeedTest/93395/Crucial-BLS4G4D240FSAM8FAD-8x4GB
RAM,BLE4K8G4D36BEEAK,Crucial,Ballistix Elite DDR4 3600 C16 4x8GB,4,106,241,https://ram.userbenchmark.com/SpeedTest/811381/Crucial-BLE8G4D36BEEAKM8FE1-4x8GB
RAM,F4-3200C15Q-64GTZ,G.SKILL,Trident Z DDR4 3200 C15 4x16GB,5,106,150,https://ram.userbenchmark.com/GSKILL-Trident-Z-DDR4-3200-C15-4x16GB/Rating/3613
RAM,CMD64GX4M4B3000C15,Corsair,Dominator DDR4 3000 C15 4x16GB,6,106,75,https://ram.userbenchmark.com/Corsair-Dominator-DDR4-3000-C15-4x16GB/Rating/3565
RAM,F4-3200C14Q-32GFX,G.SKILL,Flare X DDR4 3200 C14 4x8GB,7,105,2850,https://ram.userbenchmark.com/SpeedTest/270794/GSKILL-F4-3200C14-8GFX-4x8GB
RAM,CMK32GX4M4A2666C15,Corsair,Vengeance LPX DDR4 2666 C15 4x8GB,8,100,576,https://ram.userbenchmark.com/SpeedTest/89347/Corsair-Vengeance-LPX-CMK32GX4M4A2666C15-4x8GB
RAM,BLS4K4G4D240FSA,Crucial,Ballistix Sport DDR4 2400 C16 4x4GB,9,98.2,1510,https://ram.userbenchmark.com/Crucial-Ballistix-Sport-DDR4-2400-C16-4x4GB/Rating/3561
RAM,F4-3200C14D-16GFX,G.SKILL,Flare X DDR4 3200 C14 2x8GB,10,96.3,26120,https://ram.userbenchmark.com/SpeedTest/255366/GSKILL-F4-3200C14-8GFX-2x8GB
RAM,F4-3600C16D-16GTZ,G.SKILL,Trident Z DDR4 3600 C16 2x8GB,11,96.1,2622,https://ram.userbenchmark.com/GSKILL-Trident-Z-DDR4-3600-C16-2x8GB/Rating/3562
RAM,F4-3200C16Q-64GVK,G.SKILL,Ripjaws V DDR4 3200 C16 4x16GB,12,94.9,3963,https://ram.userbenchmark.com/GSKILL-Ripjaws-V-DDR4-3200-C16-4x16GB/Rating/3564
RAM,F4-3000C15Q-16GRR,G.SKILL,Ripjaws 4 DDR4 3000 C15 4x4GB,13,94.8,2287,https://ram.userbenchmark.com/GSKILL-Ripjaws-4-DDR4-3000-C15-4x4GB/Rating/3540
RAM,F4-3000C15Q-16GRB,G.SKILL,Ripjaws 4 DDR4 3000 C15 4x4GB,13,94.8,2287,https://ram.userbenchmark.com/GSKILL-Ripjaws-4-DDR4-3000-C15-4x4GB/Rating/3540
RAM,F4-3000C15Q-16GRK,G.SKILL,Ripjaws 4 DDR4 3000 C15 4x4GB,13,94.8,2287,https://ram.userbenchmark.com/GSKILL-Ripjaws-4-DDR4-3000-C15-4x4GB/Rating/3540
RAM,F4-3600C17D-16GTZ,G.SKILL,Trident Z DDR4 3600 C17 2x8GB,14,94.6,1051,https://ram.userbenchmark.com/GSKILL-Trident-Z-DDR4-3600-C17-2x8GB/Rating/3563
RAM,HX426C15FBK4/32,HyperX,Fury DDR4 2666 C15 4x8GB,15,94.5,4076,https://ram.userbenchmark.com/HyperX-Fury-DDR4-2666-C15-4x8GB/Rating/3570
RAM,BLE2K8G4D36BEEAK,Crucial,Ballistix Elite DDR4 3600 C16 2x8GB,16,94.4,904,https://ram.userbenchmark.com/SpeedTest/786050/Crucial-BLE8G4D36BEEAKM8FE1-2x8GB
RAM,F4-2800C16Q-16GRR,G.SKILL,Ripjaws 4 DDR4 2800 C16 4x4GB,17,93.2,1000,https://ram.userbenchmark.com/GSKILL-Ripjaws-4-DDR4-2800-C16-4x4GB/Rating/3608
RAM,F4-2800C16Q-16GRB,G.SKILL,Ripjaws 4 DDR4 2800 C16 4x4GB,17,93.2,1000,https://ram.userbenchmark.com/GSKILL-Ripjaws-4-DDR4-2800-C16-4x4GB/Rating/3608
RAM,F4-2800C16Q-16GRK,G.SKILL,Ripjaws 4 DDR4 2800 C16 4x4GB,17,93.2,1000,https://ram.userbenchmark.com/GSKILL-Ripjaws-4-DDR4-2800-C16-4x4GB/Rating/3608
RAM,CMR16GX4M2C3600C18,Corsair,Vengeance RGB DDR4 3600 C18 2x8GB,18,92.1,3414,https://ram.userbenchmark.com/SpeedTest/315553/Corsair-CMR16GX4M2C3600C18-2x8GB
RAM,F4-3600C17D-8GTZ,G.SKILL,Trident Z DDR4 3600 C17 2x4GB,19,92,128,https://ram.userbenchmark.com/GSKILL-Trident-Z-DDR4-3600-C17-2x4GB/Rating/3566
RAM,CMR16GX4M2C3466C16,Corsair,Vengeance RGB DDR4 3466 C16 2x8GB,20,91.7,3845,https://ram.userbenchmark.com/SpeedTest/287318/Corsair-CMR16GX4M2C3466C16-2x8GB
RAM,CMK16GX4M4B3000C15,Corsair,Vengeance LPX DDR4 3000 C15 4x4GB,21,91.1,4551,https://ram.userbenchmark.com/Corsair-Vengeance-LPX-DDR4-3000-C15-4x4GB/Rating/3558
RAM,CMK16GX4M4B3000C15B,Corsair,Vengeance LPX DDR4 3000 C15 4x4GB,21,91.1,4551,https://ram.userbenchmark.com/Corsair-Vengeance-LPX-DDR4-3000-C15-4x4GB/Rating/3558
RAM,CMK16GX4M4B3000C15R,Corsair,Vengeance LPX DDR4 3000 C15 4x4GB,21,91.1,4551,https://ram.userbenchmark.com/Corsair-Vengeance-LPX-DDR4-3000-C15-4x4GB/Rating/3558
RAM,CMK16GX4M4A2800C16,Corsair,Vengeance LPX DDR4 2800 C16 4x4GB,22,90.9,2167,https://ram.userbenchmark.com/Corsair-Vengeance-LPX-DDR4-2800-C16-4x4GB/Rating/3541
RAM,CMK16GX4M4A2800C16B,Corsair,Vengeance LPX DDR4 2800 C16 4x4GB,22,90.9,2167,https://ram.userbenchmark.com/Corsair-Vengeance-LPX-DDR4-2800-C16-4x4GB/Rating/3541
RAM,CMK16GX4M4A2800C16R,Corsair,Vengeance LPX DDR4 2800 C16 4x4GB,22,90.9,2167,https://ram.userbenchmark.com/Corsair-Vengeance-LPX-DDR4-2800-C16-4x4GB/Rating/3541
RAM,CMK32GX4M4A2400C14,Corsair,Vengeance LPX DDR4 2400 C14 4x8GB,23,89.4,2777,https://ram.userbenchmark.com/Corsair-Vengeance-LPX-DDR4-2400-C14-4x8GB/Rating/3542
RAM,CMK32GX4M4A2400C14B,Corsair,Vengeance LPX DDR4 2400 C14 4x8GB,23,89.4,2777,https://ram.userbenchmark.com/Corsair-Vengeance-LPX-DDR4-2400-C14-4x8GB/Rating/3542
RAM,CMK32GX4M4A2400C14R,Corsair,Vengeance LPX DDR4 2400 C14 4x8GB,23,89.4,2777,https://ram.userbenchmark.com/Corsair-Vengeance-LPX-DDR4-2400-C14-4x8GB/Rating/3542
RAM,CMR16GX4M2C3200C16,Corsair,Vengeance RGB DDR4 3200 C16 2x8GB,24,87.9,9297,https://ram.userbenchmark.com/SpeedTest/298180/Corsair-CMR16GX4M2C3200C16-2x8GB
RAM,CMK16GX4M4A2400C14,Corsair,Vengeance LPX DDR4 2400 C14 4x4GB,25,87.8,2351,https://ram.userbenchmark.com/Corsair-Vengeance-LPX-DDR4-2400-C14-4x4GB/Rating/3533
RAM,CMK16GX4M4A2400C14B,Corsair,Vengeance LPX DDR4 2400 C14 4x4GB,25,87.8,2351,https://ram.userbenchmark.com/Corsair-Vengeance-LPX-DDR4-2400-C14-4x4GB/Rating/3533
RAM,CMK16GX4M4A2400C14R,Corsair,Vengeance LPX DDR4 2400 C14 4x4GB,25,87.8,2351,https://ram.userbenchmark.com/Corsair-Vengeance-LPX-DDR4-2400-C14-4x4GB/Rating/3533
RAM,CMK32GX4M2B3200C16,Corsair,Vengeance LPX DDR4 3200 C16 2x16GB,26,87.2,29079,https://ram.userbenchmark.com/SpeedTest/97244/Corsair-Vengeance-LPX-CMK32GX4M2B3200C16-2x16GB
RAM,F4-3200C16D-16GTZB,G.SKILL,Trident Z DDR4 3200 C16 2x8GB,27,87.1,18806,https://ram.userbenchmark.com/GSKILL-Trident-Z-DDR4-3200-C16-2x8GB/Rating/3550
RAM,CMW32GX4M2C3200C16,Corsair,Vengeance RGB PRO DDR4 3200 C16 2x16GB,28,87,19384,https://ram.userbenchmark.com/SpeedTest/587593/Corsair-CMW32GX4M2C3200C16-2x16GB
RAM,CMK16GX4M4A2666C16,Corsair,Vengeance LPX DDR4 2666 C16 4x4GB,29,87,4347,https://ram.userbenchmark.com/Corsair-Vengeance-LPX-DDR4-2666-C16-4x4GB/Rating/3557
RAM,CMK16GX4M4A2666C16B,Corsair,Vengeance LPX DDR4 2666 C16 4x4GB,29,87,4347,https://ram.userbenchmark.com/Corsair-Vengeance-LPX-DDR4-2666-C16-4x4GB/Rating/3557
RAM,CMK16GX4M4A2666C16R,Corsair,Vengeance LPX DDR4 2666 C16 4x4GB,29,87,4347,https://ram.userbenchmark.com/Corsair-Vengeance-LPX-DDR4-2666-C16-4x4GB/Rating/3557
RAM,CMK32GX4M4A2666C16,Corsair,Vengeance LPX DDR4 2666 C16 4x8GB,30,86.5,4776,https://ram.userbenchmark.com/Corsair-Vengeance-LPX-DDR4-2666-C16-4x8GB/Rating/3586
RAM,CMK32GX4M4A2666C16B,Corsair,Vengeance LPX DDR4 2666 C16 4x8GB,30,86.5,4776,https://ram.userbenchmark.com/Corsair-Vengeance-LPX-DDR4-2666-C16-4x8GB/Rating/3586
RAM,CMK32GX4M4A2666C16R,Corsair,Vengeance LPX DDR4 2666 C16 4x8GB,30,86.5,4776,https://ram.userbenchmark.com/Corsair-Vengeance-LPX-DDR4-2666-C16-4x8GB/Rating/3586
RAM,CMK32GX4M4A2400C16,Corsair,Vengeance LPX DDR4 2400 C16 4x8GB,31,86.2,972,https://ram.userbenchmark.com/SpeedTest/108268/Corsair-Vengeance-LPX-CMK32GX4M4A2400C16-4x8GB
RAM,F4-3200C16D-16GTZR,G.SKILL,Trident Z RGB DDR4 3200 C16 2x8GB,32,86.1,119114,https://ram.userbenchmark.com/SpeedTest/231020/GSKILL-F4-3200C16-8GTZR-2x8GB
RAM,F4-3200C16D-16GVKB,G.SKILL,Ripjaws V DDR4 3200 C16 2x8GB,33,86,108035,https://ram.userbenchmark.com/SpeedTest/89324/GSKILL-F4-3200C16-8GVKB-2x8GB
RAM,CMU16GX4M2C3200C16,Corsair,Vengeance LED DDR4 3200 C16 2x8GB,34,85.8,24715,https://ram.userbenchmark.com/SpeedTest/155727/Corsair-CMU16GX4M2C3200C16-2x8GB
RAM,CMU16GX4M2C3200C16B,Corsair,Vengeance LED DDR4 3200 C16 2x8GB,34,85.8,24715,https://ram.userbenchmark.com/SpeedTest/155727/Corsair-CMU16GX4M2C3200C16-2x8GB
RAM,CMU16GX4M2C3200C16R,Corsair,Vengeance LED DDR4 3200 C16 2x8GB,34,85.8,24715,https://ram.userbenchmark.com/SpeedTest/155727/Corsair-CMU16GX4M2C3200C16-2x8GB
RAM,CMR32GX4M2C3000C15,Corsair,Vengeance RGB DDR4 3000 C15 2x16GB,35,85.8,658,https://ram.userbenchmark.com/SpeedTest/335632/Corsair-CMR32GX4M2C3000C15-2x16GB
RAM,CMK32GX4M2B3000C15,Corsair,Vengeance LPX DDR4 3000 C15 2x16GB,36,85.1,16739,https://ram.userbenchmark.com/SpeedTest/92054/Corsair-Vengeance-LPX-CMK32GX4M2B3000C15-2x16GB
RAM,CMK16GX4M2B3200C16,Corsair,Vengeance LPX DDR4 3200 C16 2x8GB,37,85,186345,https://ram.userbenchmark.com/Corsair-Vengeance-LPX-DDR4-3200-C16-2x8GB/Rating/3547
RAM,CMK16GX4M2B3200C16R,Corsair,Vengeance LPX DDR4 3200 C16 2x8GB,37,85,186345,https://ram.userbenchmark.com/Corsair-Vengeance-LPX-DDR4-3200-C16-2x8GB/Rating/3547
RAM,HX426C15FBK2/8,HyperX,Fury DDR4 2666 C15 2x4GB,38,85,18185,https://ram.userbenchmark.com/HyperX-Fury-DDR4-2666-C15-2x4GB/Rating/3556
RAM,HX424C15FBK4/16,HyperX,Fury DDR4 2400 C15 4x4GB,39,84.3,7208,https://ram.userbenchmark.com/HyperX-Fury-DDR4-2400-C15-4x4GB/Rating/3585
RAM,CMD16GX4M2B3000C15,Corsair,Dominator DDR4 3000 C15 2x8GB,40,84.2,8119,https://ram.userbenchmark.com/Corsair-Dominator-DDR4-3000-C15-2x8GB/Rating/3597
RAM,F4-3000C15D-16GTZB,G.SKILL,Trident Z DDR4 3000 C15 2x8GB,41,84.1,3797,https://ram.userbenchmark.com/GSKILL-Trident-Z-DDR4-3000-C15-2x8GB/Rating/3548
RAM,CMZ64GX3M8A1600C9,Corsair,Vengeance DDR3 1600 C9 8x8GB,42,83.9,60,https://ram.userbenchmark.com/SpeedTest/100478/Corsair-Vengeance-CMZ64GX3M8A1600C9-8x8GB
RAM,CMR16GX4M2C3000C15,Corsair,Vengeance RGB DDR4 3000 C15 2x8GB,43,83.8,25480,https://ram.userbenchmark.com/SpeedTest/258851/Corsair-CMR16GX4M2C3000C15-2x8GB
RAM,HX426C15FBK2/16,HyperX,Fury DDR4 2666 C15 2x8GB,44,83.7,25359,https://ram.userbenchmark.com/HyperX-Fury-DDR4-2666-C15-2x8GB/Rating/3553
RAM,CMR16GX4M2D3000C16,Corsair,Vengeance RGB DDR4 3000 C16 2x8GB,45,83.5,4363,https://ram.userbenchmark.com/SpeedTest/465040/Corsair-CMR16GX4M2D3000C16-2x8GB
RAM,HX426C13PB3K2/16,HyperX,Predator 2666 C13 2x8GB,46,83.3,2596,https://ram.userbenchmark.com/SpeedTest/318273/Kingston-KHX2666C138GX-2x8GB
RAM,CMK8GX4M2B3000C15,Corsair,Vengeance LPX DDR4 3000 C15 2x4GB,47,82.7,21062,https://ram.userbenchmark.com/SpeedTest/90523/Corsair-Vengeance-LPX-CMK8GX4M2B3000C15-2x4GB
RAM,CMK16GX4M2B3000C15,Corsair,Vengeance LPX DDR4 3000 C15 2x8GB,48,82.1,334762,https://ram.userbenchmark.com/Corsair-Vengeance-LPX-DDR4-3000-C15-2x8GB/Rating/3546
RAM,CMK16GX4M2B3000C15B,Corsair,Vengeance LPX DDR4 3000 C15 2x8GB,48,82.1,334762,https://ram.userbenchmark.com/Corsair-Vengeance-LPX-DDR4-3000-C15-2x8GB/Rating/3546
RAM,CMK16GX4M2B3000C15R,Corsair,Vengeance LPX DDR4 3000 C15 2x8GB,48,82.1,334762,https://ram.userbenchmark.com/Corsair-Vengeance-LPX-DDR4-3000-C15-2x8GB/Rating/3546
RAM,CMK16GX4M2B3000C15W,Corsair,Vengeance LPX DDR4 3000 C15 2x8GB,48,82.1,334762,https://ram.userbenchmark.com/Corsair-Vengeance-LPX-DDR4-3000-C15-2x8GB/Rating/3546
RAM,CMW16GX4M2C3000C15,Corsair,Vengeance RGB PRO DDR4 3200 C15 2x8GB,49,81.9,37886,https://ram.userbenchmark.com/SpeedTest/523893/Corsair-CMW16GX4M2C3000C15-2x8GB
RAM,F4-3000C16D-16GTZR,G.SKILL,Trident Z RGB DDR4 3000 C16 2x8GB,50,81.5,50795,https://ram.userbenchmark.com/SpeedTest/236585/GSKILL-F4-3000C16-8GTZR-2x8GB
RAM,CMK16GX4M4A2400C16,Corsair,Vengeance LPX DDR4 2400 C16 4x4GB,51,81.3,301,https://ram.userbenchmark.com/SpeedTest/89553/Corsair-Vengeance-LPX-CMK16GX4M4A2400C16-4x4GB
RAM,HX421C14FBK4/32,HyperX,Fury DDR4 2133 C14 4x8GB,52,81.2,3246,https://ram.userbenchmark.com/HyperX-Fury-DDR4-2133-C14-4x8GB/Rating/3569
RAM,HX426C16FB2K2/16,HyperX,Fury 2666 C16 2x8GB,53,81.2,43345,https://ram.userbenchmark.com/SpeedTest/272118/Kingston-KHX2666C168G-2x8GB
RAM,HX426C16FW2K2/16,HyperX,Fury 2666 C16 2x8GB,53,81.2,43345,https://ram.userbenchmark.com/SpeedTest/272118/Kingston-KHX2666C168G-2x8GB
RAM,HX426C16FR2K2/16,HyperX,Fury 2666 C16 2x8GB,53,81.2,43345,https://ram.userbenchmark.com/SpeedTest/272118/Kingston-KHX2666C168G-2x8GB
RAM,CMK16GX4M2C3000C16,Corsair,Vengeance LPX DDR4 3000 C16 2x8GB,54,81.1,2232,https://ram.userbenchmark.com/SpeedTest/337520/Corsair-Vengeance-LPX-CMK16GX4M2C3000C16-2x8GB
RAM,CMK16GX4M2C3000C16B,Corsair,Vengeance LPX DDR4 3000 C16 2x8GB,54,81.1,2232,https://ram.userbenchmark.com/SpeedTest/337520/Corsair-Vengeance-LPX-CMK16GX4M2C3000C16-2x8GB
RAM,CMK16GX4M2C3000C16R,Corsair,Vengeance LPX DDR4 3000 C16 2x8GB,54,81.1,2232,https://ram.userbenchmark.com/SpeedTest/337520/Corsair-Vengeance-LPX-CMK16GX4M2C3000C16-2x8GB
RAM,CMK16GX4M2C3000C16W,Corsair,Vengeance LPX DDR4 3000 C16 2x8GB,54,81.1,2232,https://ram.userbenchmark.com/SpeedTest/337520/Corsair-Vengeance-LPX-CMK16GX4M2C3000C16-2x8GB
RAM,CMU16GX4M2C3000C15,Corsair,Vengeance LED DDR4 3000 C15 2x8GB,55,80.9,28859,https://ram.userbenchmark.com/SpeedTest/156965/Corsair-CMU16GX4M2C3000C15-2x8GB
RAM,CMU16GX4M2C3000C15B,Corsair,Vengeance LED DDR4 3000 C15 2x8GB,55,80.9,28859,https://ram.userbenchmark.com/SpeedTest/156965/Corsair-CMU16GX4M2C3000C15-2x8GB
RAM,CMU16GX4M2C3000C15R,Corsair,Vengeance LED DDR4 3000 C15 2x8GB,55,80.9,28859,https://ram.userbenchmark.com/SpeedTest/156965/Corsair-CMU16GX4M2C3000C15-2x8GB
RAM,BLS4K8G4D240FSB,Crucial,Ballistix Sport LT DDR4 2400 C16 4x8GB,56,80.2,438,https://ram.userbenchmark.com/Crucial-Ballistix-Sport-LT-DDR4-2400-C16-4x8GB/Rating/3637
RAM,BLS4K8G4D240FSC,Crucial,Ballistix Sport LT DDR4 2400 C16 4x8GB,56,80.2,438,https://ram.userbenchmark.com/Crucial-Ballistix-Sport-LT-DDR4-2400-C16-4x8GB/Rating/3637
RAM,BLS4K8G4D240FSE,Crucial,Ballistix Sport LT DDR4 2400 C16 4x8GB,56,80.2,438,https://ram.userbenchmark.com/Crucial-Ballistix-Sport-LT-DDR4-2400-C16-4x8GB/Rating/3637
RAM,HX424C15FBK2/16,HyperX,Fury DDR4 2400 C15 2x8GB,57,79.2,13132,https://ram.userbenchmark.com/HyperX-Fury-DDR4-2400-C15-2x8GB/Rating/3587
RAM,CMR16GX4M2A2666C16,Corsair,Vengeance RGB DDR4 2666 C16 2x8GB,58,78.1,5418,https://ram.userbenchmark.com/SpeedTest/282283/Corsair-CMR16GX4M2A2666C16-2x8GB
RAM,CMK32GX4M2A2666C16,Corsair,Vengeance LPX DDR4 2666 C16 2x16GB,59,77.9,10545,https://ram.userbenchmark.com/SpeedTest/92488/Corsair-Vengeance-LPX-CMK32GX4M2A2666C16-2x16GB
RAM,CMK8GX4M2A2666C16,Corsair,Vengeance LPX DDR4 2666 C16 2x4GB,60,77.7,11016,https://ram.userbenchmark.com/SpeedTest/90467/Corsair-Vengeance-LPX-CMK8GX4M2A2666C16-2x4GB
RAM,BLS2K8G4D240FSB,Crucial,Ballistix Sport LT DDR4 2400 C16 2x8GB,61,77.7,5813,https://ram.userbenchmark.com/Crucial-Ballistix-Sport-LT-DDR4-2400-C16-2x8GB/Rating/3638
RAM,BLS2K8G4D240FSC,Crucial,Ballistix Sport LT DDR4 2400 C16 2x8GB,61,77.7,5813,https://ram.userbenchmark.com/Crucial-Ballistix-Sport-LT-DDR4-2400-C16-2x8GB/Rating/3638
RAM,BLS2K8G4D240FSE,Crucial,Ballistix Sport LT DDR4 2400 C16 2x8GB,61,77.7,5813,https://ram.userbenchmark.com/Crucial-Ballistix-Sport-LT-DDR4-2400-C16-2x8GB/Rating/3638
RAM,F4-2400C15Q-32GVR,G.SKILL,Ripjaws V DDR4 2400 C15 4x8GB,62,77.6,3794,https://ram.userbenchmark.com/GSKILL-Ripjaws-V-DDR4-2400-C15-4x8GB/Rating/3568
RAM,CMK8GX4M2A2400C16,Corsair,Vengeance LPX DDR4 2400 C16 2x4GB,63,77.4,7433,https://ram.userbenchmark.com/SpeedTest/105361/Corsair-Vengeance-LPX-CMK8GX4M2A2400C16-2x4GB
RAM,BLS2K8G4D240FSA,Crucial,Ballistix Sport DDR4 2400 C16 2x8GB,64,77.3,2536,https://ram.userbenchmark.com/Crucial-Ballistix-Sport-DDR4-2400-C16-2x8GB/Rating/3611
RAM,CMK32GX4M2A2400C16,Corsair,Vengeance LPX DDR4 2400 C16 2x16GB,65,76.7,3453,https://ram.userbenchmark.com/SpeedTest/131225/Corsair-Vengeance-LPX-CMK32GX4M2A2400C16-2x16GB
RAM,CMK16GX4M2A2666C16,Corsair,Vengeance LPX DDR4 2666 C16 2x8GB,66,76.3,60160,https://ram.userbenchmark.com/Corsair-Vengeance-LPX-DDR4-2666-C16-2x8GB/Rating/3545
RAM,CMK16GX4M2A2666C16R,Corsair,Vengeance LPX DDR4 2666 C16 2x8GB,66,76.3,60160,https://ram.userbenchmark.com/Corsair-Vengeance-LPX-DDR4-2666-C16-2x8GB/Rating/3545
RAM,CMU16GX4M2A2666C16,Corsair,Vengeance LED DDR4 2666 C16 2x8GB,67,76,7368,https://ram.userbenchmark.com/SpeedTest/152975/Corsair-CMU16GX4M2A2666C16-2x8GB
RAM,CMU16GX4M2A2666C16B,Corsair,Vengeance LED DDR4 2666 C16 2x8GB,67,76,7368,https://ram.userbenchmark.com/SpeedTest/152975/Corsair-CMU16GX4M2A2666C16-2x8GB
RAM,CMU16GX4M2A2666C16R,Corsair,Vengeance LED DDR4 2666 C16 2x8GB,67,76,7368,https://ram.userbenchmark.com/SpeedTest/152975/Corsair-CMU16GX4M2A2666C16-2x8GB
RAM,CMK16GX4M2A2400C16,Corsair,Vengeance LPX DDR4 2400 C16 2x8GB,68,75.8,59097,https://ram.userbenchmark.com/SpeedTest/92730/Corsair-Vengeance-LPX-CMK16GX4M2A2400C16-2x8GB
RAM,CMU16GX4M2A2400C16,Corsair,Vengeance LED DDR4 2400 C16 2x8GB,69,75.4,1793,https://ram.userbenchmark.com/SpeedTest/293029/Corsair-CMU16GX4M2A2400C16-2x8GB
RAM,CMU16GX4M2A2400C16B,Corsair,Vengeance LED DDR4 2400 C16 2x8GB,69,75.4,1793,https://ram.userbenchmark.com/SpeedTest/293029/Corsair-CMU16GX4M2A2400C16-2x8GB
RAM,CMU16GX4M2A2400C16R,Corsair,Vengeance LED DDR4 2400 C16 2x8GB,69,75.4,1793,https://ram.userbenchmark.com/SpeedTest/293029/Corsair-CMU16GX4M2A2400C16-2x8GB
RAM,F4-2400C15D-8GVR,G.SKILL,Ripjaws V DDR4 2400 C15 2x4GB,70,73.5,12188,https://ram.userbenchmark.com/GSKILL-Ripjaws-V-DDR4-2400-C15-2x4GB/Rating/3559
RAM,CMK8GX4M2A2400C14,Corsair,Vengeance LPX DDR4 2400 C14 2x4GB,71,73.3,12108,https://ram.userbenchmark.com/SpeedTest/89740/Corsair-Vengeance-LPX-CMK8GX4M2A2400C14-2x4GB
RAM,CMK16GX4M2A2400C14,Corsair,Vengeance LPX DDR4 2400 C14 2x8GB,72,72.6,41025,https://ram.userbenchmark.com/Corsair-Vengeance-LPX-DDR4-2400-C14-2x8GB/Rating/3544
RAM,CMK16GX4M2A2400C14R,Corsair,Vengeance LPX DDR4 2400 C14 2x8GB,72,72.6,41025,https://ram.userbenchmark.com/Corsair-Vengeance-LPX-DDR4-2400-C14-2x8GB/Rating/3544
RAM,HX421C14FBK2/16,HyperX,Fury DDR4 2133 C14 2x8GB,73,72.2,37921,https://ram.userbenchmark.com/HyperX-Fury-DDR4-2133-C14-2x8GB/Rating/3552
RAM,HX421C14FB2K2/16,HyperX,Fury DDR4 2133 C14 2x8GB,73,72.2,37921,https://ram.userbenchmark.com/HyperX-Fury-DDR4-2133-C14-2x8GB/Rating/3552
RAM,F4-2400C15D-16GVR,G.SKILL,Ripjaws V DDR4 2400 C15 2x8GB,74,71.6,58547,https://ram.userbenchmark.com/GSKILL-Ripjaws-V-DDR4-2400-C15-2x8GB/Rating/3549
RAM,F4-2400C15D-16GVB,G.SKILL,Ripjaws V DDR4 2400 C15 2x8GB,74,71.6,58547,https://ram.userbenchmark.com/GSKILL-Ripjaws-V-DDR4-2400-C15-2x8GB/Rating/3549
RAM,F4-2400C15D-16GVK,G.SKILL,Ripjaws V DDR4 2400 C15 2x8GB,74,71.6,58547,https://ram.userbenchmark.com/GSKILL-Ripjaws-V-DDR4-2400-C15-2x8GB/Rating/3549
RAM,F4-2400C15D-16GVS,G.SKILL,Ripjaws V DDR4 2400 C15 2x8GB,74,71.6,58547,https://ram.userbenchmark.com/GSKILL-Ripjaws-V-DDR4-2400-C15-2x8GB/Rating/3549
RAM,F4-2400C15D-16GVG,G.SKILL,Ripjaws V DDR4 2400 C15 2x8GB,74,71.6,58547,https://ram.userbenchmark.com/GSKILL-Ripjaws-V-DDR4-2400-C15-2x8GB/Rating/3549
RAM,F4-2133C15D-32GVR,G.SKILL,Ripjaws V DDR4 2133 C15 2x16GB,75,71.2,1398,https://ram.userbenchmark.com/GSKILL-Ripjaws-V-DDR4-2133-C15-2x16GB/Rating/3633
RAM,F3-2400C10Q-32GTX,G.SKILL,TridentX DDR3 2400 C10 4x8GB,76,71.1,3952,https://ram.userbenchmark.com/SpeedTest/89345/GSKILL-F3-2400C10-8GTX-4x8GB
RAM,F4-2400C15D-16GRR,G.SKILL,Ripjaws 4 DDR4 2400 C15 2x8GB,77,70.4,3939,https://ram.userbenchmark.com/GSKILL-Ripjaws-4-DDR4-2400-C15-2x8GB/Rating/3551
RAM,HX421C14FBK2/8,HyperX,Fury DDR4 2133 C14 2x4GB,78,69.4,36377,https://ram.userbenchmark.com/HyperX-Fury-DDR4-2133-C14-2x4GB/Rating/3554
RAM,CMK16GX4M2A2133C13,Corsair,Vengeance LPX DDR4 2133 C13 2x8GB,79,69.2,32144,https://ram.userbenchmark.com/Corsair-Vengeance-LPX-DDR4-2133-C13-2x8GB/Rating/3543
RAM,CMK16GX4M2A2133C13R,Corsair,Vengeance LPX DDR4 2133 C13 2x8GB,79,69.2,32144,https://ram.userbenchmark.com/Corsair-Vengeance-LPX-DDR4-2133-C13-2x8GB/Rating/3543
RAM,F4-2133C15D-16GVB,G.SKILL,Ripjaws V DDR4 2133 C15 2x8GB,80,68.8,10595,https://ram.userbenchmark.com/GSKILL-Ripjaws-V-DDR4-2133-C15-2x8GB/Rating/3632
RAM,F4-2133C15D-8GVR,G.SKILL,Ripjaws V DDR4 2133 C15 2x4GB,81,68.5,5824,https://ram.userbenchmark.com/GSKILL-Ripjaws-V-DDR4-2133-C15-2x4GB/Rating/3560
RAM,F3-2400C10D-16GTX,G.SKILL,TridentX DDR3 2400 C10 2x8GB,82,67.8,14883,https://ram.userbenchmark.com/SpeedTest/89322/GSKILL-F3-2400C10-8GTX-2x8GB
RAM,BLS2K4G4D240FSA,Crucial,Ballistix Sport DDR4 2400 C16 2x4GB,83,67.7,664,https://ram.userbenchmark.com/Crucial-Ballistix-Sport-DDR4-2400-C16-2x4GB/Rating/3601
RAM,HX324C11SRK2/16,HyperX,Savage DDR3 2400 C11 2x8GB,84,64,15565,https://ram.userbenchmark.com/SpeedTest/43621/Kingston-KHX2400C11D38GX-2x8GB
RAM,CMY16GX3M2A2400C11,Corsair,Vengeance Pro DDR3 2400 C11 2x8GB,85,61.4,25444,https://ram.userbenchmark.com/SpeedTest/89568/Corsair-Vengeance-Pro-CMY16GX3M2A2400C11-2x8GB
RAM,HX318C10FK2/16,HyperX,Fury DDR3 1866 C10 2x8GB,86,58.3,64919,https://ram.userbenchmark.com/SpeedTest/42962/Kingston-KHX1866C10D38G-2x8GB
RAM,HX318C10FBK2/16,HyperX,Fury DDR3 1866 C10 2x8GB,86,58.3,64919,https://ram.userbenchmark.com/SpeedTest/42962/Kingston-KHX1866C10D38G-2x8GB
RAM,HX318C10FRK2/16,HyperX,Fury DDR3 1866 C10 2x8GB,86,58.3,64919,https://ram.userbenchmark.com/SpeedTest/42962/Kingston-KHX1866C10D38G-2x8GB
RAM,HX318C10FWK2/16,HyperX,Fury DDR3 1866 C10 2x8GB,86,58.3,64919,https://ram.userbenchmark.com/SpeedTest/42962/Kingston-KHX1866C10D38G-2x8GB
RAM,BLS2KIT4G3D1609DS1S00,Crucial,Ballistix Sport DDR3 1600 C9 2x4GB,87,56.3,35485,https://ram.userbenchmark.com/SpeedTest/50785/Crucial-BLS4G3D1609DS1S00-2x4GB
RAM,BLS2CP4G3D1609DS1S00CEU,Crucial,Ballistix Sport DDR3 1600 C9 2x4GB,87,56.3,35485,https://ram.userbenchmark.com/SpeedTest/50785/Crucial-BLS4G3D1609DS1S00-2x4GB
RAM,HX316C10FK2/16,HyperX,Fury DDR3 1600 C10 2x8GB,88,54.6,49943,https://ram.userbenchmark.com/SpeedTest/42910/Kingston-KHX1600C10D38G-2x8GB
RAM,HX316C10FBK2/16,HyperX,Fury DDR3 1600 C10 2x8GB,88,54.6,49943,https://ram.userbenchmark.com/SpeedTest/42910/Kingston-KHX1600C10D38G-2x8GB
RAM,HX316C10FRK2/16,HyperX,Fury DDR3 1600 C10 2x8GB,88,54.6,49943,https://ram.userbenchmark.com/SpeedTest/42910/Kingston-KHX1600C10D38G-2x8GB
RAM,HX316C10FWK2/16,HyperX,Fury DDR3 1600 C10 2x8GB,88,54.6,49943,https://ram.userbenchmark.com/SpeedTest/42910/Kingston-KHX1600C10D38G-2x8GB
RAM,F3-12800CL9D-8GBXL,G.SKILL,RipjawsX DDR3 1600 C9 2x4GB,89,52.9,30604,https://ram.userbenchmark.com/SpeedTest/89321/GSKILL-F3-12800CL9-4GBXL-2x4GB
RAM,F3-14900CL10D-16GBXL,G.SKILL,RipjawsX DDR3 1866 C10 2x8GB,90,52.4,6157,https://ram.userbenchmark.com/SpeedTest/89210/GSKILL-F3-14900CL10-8GBXL-2x8GB
RAM,F3-12800CL10Q-32GBXL,G.SKILL,RipjawsX DDR3 1600 C10 4x8GB,91,51.9,2521,https://ram.userbenchmark.com/SpeedTest/90320/GSKILL-F3-12800CL10-8GBXL-4x8GB
RAM,HX316C10FK2/8,HyperX,Fury DDR3 1600 C10 2x4GB,92,51.3,18813,https://ram.userbenchmark.com/SpeedTest/42917/Kingston-KHX1600C10D38G-2x4GB
RAM,HX316C10FBK2/8,HyperX,Fury DDR3 1600 C10 2x4GB,92,51.3,18813,https://ram.userbenchmark.com/SpeedTest/42917/Kingston-KHX1600C10D38G-2x4GB
RAM,HX316C10FRK2/8,HyperX,Fury DDR3 1600 C10 2x4GB,92,51.3,18813,https://ram.userbenchmark.com/SpeedTest/42917/Kingston-KHX1600C10D38G-2x4GB
RAM,HX316C10FWK2/8,HyperX,Fury DDR3 1600 C10 2x4GB,92,51.3,18813,https://ram.userbenchmark.com/SpeedTest/42917/Kingston-KHX1600C10D38G-2x4GB
RAM,HX318C10FK2/8,HyperX,Fury DDR3 1866 C10 2x4GB,93,50.7,29309,https://ram.userbenchmark.com/HyperX-Fury-DDR3-1866-C10-2x4GB/Rating/3588
RAM,HX318C10FBK2/8,HyperX,Fury DDR3 1866 C10 2x4GB,93,50.7,29309,https://ram.userbenchmark.com/HyperX-Fury-DDR3-1866-C10-2x4GB/Rating/3588
RAM,HX318C10FRK2/8,HyperX,Fury DDR3 1866 C10 2x4GB,93,50.7,29309,https://ram.userbenchmark.com/HyperX-Fury-DDR3-1866-C10-2x4GB/Rating/3588
RAM,HX318C10FWK2/8,HyperX,Fury DDR3 1866 C10 2x4GB,93,50.7,29309,https://ram.userbenchmark.com/HyperX-Fury-DDR3-1866-C10-2x4GB/Rating/3588
RAM,HX316C9SRK2/8,HyperX,Savage DDR3 1600 C9 2x4GB,94,50.5,55112,https://ram.userbenchmark.com/SpeedTest/43139/Kingston-KHX1600C9D34GX-2x4GB
RAM,CMX8GX3M2A1600C9,Corsair,XMS3 DDR3 1600 C9 2x4GB,95,50.3,7988,https://ram.userbenchmark.com/SpeedTest/89663/Corsair-XMS3-CMX8GX3M2A1600C9-2x4GB
RAM,F3-12800CL10D-16GBXL,G.SKILL,RipjawsX DDR3 1600 C10 2x8GB,96,49.5,15357,https://ram.userbenchmark.com/SpeedTest/89329/GSKILL-F3-12800CL10-8GBXL-2x8GB
RAM,CMZ8GX3M2A1600C9,Corsair,Vengeance DDR3 1600 C9 2x4GB,97,48.8,49015,https://ram.userbenchmark.com/SpeedTest/89203/Corsair-Vengeance-CMZ8GX3M2A1600C9-2x4GB
RAM,BLS8G4D26BFSB,Crucial,Ballistix Sport LT DDR4 2666 C16 1x8GB,98,47.2,1140,https://ram.userbenchmark.com/SpeedTest/321149/Crucial-BLS8G4D26BFSC16FBD2-1x8GB
RAM,BLS8G4D26BFSC,Crucial,Ballistix Sport LT DDR4 2666 C16 1x8GB,98,47.2,1140,https://ram.userbenchmark.com/SpeedTest/321149/Crucial-BLS8G4D26BFSC16FBD2-1x8GB
RAM,BLS8G4D26BFSE,Crucial,Ballistix Sport LT DDR4 2666 C16 1x8GB,98,47.2,1140,https://ram.userbenchmark.com/SpeedTest/321149/Crucial-BLS8G4D26BFSC16FBD2-1x8GB
RAM,BLS8G4D240FSB,Crucial,Ballistix Sport LT DDR4 2400 C16 1x8GB,99,43.1,13315,https://ram.userbenchmark.com/SpeedTest/142440/Crucial-BLS8G4D240FSB16FBD-1x8GB
RAM,CMK8GX4M1A2400C16,Corsair,Vengeance LPX DDR4 2400 C16 1x8GB,100,42.4,29864,https://ram.userbenchmark.com/Corsair-Vengeance-LPX-DDR4-2400-C16-1x8GB/Rating/3610
RAM,CMK8GX4M1A2400C16R,Corsair,Vengeance LPX DDR4 2400 C16 1x8GB,100,42.4,29864,https://ram.userbenchmark.com/Corsair-Vengeance-LPX-DDR4-2400-C16-1x8GB/Rating/3610
RAM,CT16G4DFD824A,Crucial,UDIMM DDR4 2400 C16 1x16GB,101,41.9,1416,https://ram.userbenchmark.com/SpeedTest/228105/Crucial-CT16G4DFD824AC16FAD-1x16GB
RAM,CT8G4DFD824A,Crucial,UDIMM DDR4 2400 C16 1x8GB,102,41.6,3094,https://ram.userbenchmark.com/SpeedTest/358525/Crucial-CT8G4DFD824AC16FHP-1x8GB
RAM,HX421C14FB/8,HyperX,Fury DDR4 2133 C14 1x8GB,103,40.3,11549,https://ram.userbenchmark.com/HyperX-Fury-DDR4-2133-C14-1x8GB/Rating/3555
RAM,CMK8GX4M1A2400C14,Corsair,Vengeance LPX DDR4 2400 C14 1x8GB,104,39.5,13718,https://ram.userbenchmark.com/SpeedTest/89446/Corsair-Vengeance-LPX-CMK8GX4M1A2400C14-1x8GB
RAM,CMK4GX4M1A2400C14,Corsair,Vengeance LPX DDR4 2400 C14 1x4GB,105,39.2,635,https://ram.userbenchmark.com/SpeedTest/97522/Corsair-Vengeance-LPX-CMK4GX4M1A2400C14-1x4GB
RAM,CT4G4DFS824A,Crucial,UDIMM DDR4 2400 C17 1x4GB,106,39.1,3204,https://ram.userbenchmark.com/SpeedTest/372497/Crucial-CT4G4DFS824AC8FHP-1x4GB
RAM,CMV4GX4M1A2133C15,Corsair,ValueSelect DDR4 2133 C15 1x4GB,107,37.7,868,https://ram.userbenchmark.com/SpeedTest/96727/Corsair-ValueSelect-CMV4GX4M1A2133C15-1x4GB
RAM,F4-2133C15S-4GNT,G.SKILL,Value DDR4 2133 C15 1x4GB,108,37.6,402,https://ram.userbenchmark.com/SpeedTest/109263/GSKILL-F4-2133C15-4GNT-1x4GB
RAM,CMZ8GX3M1A1600C10,Corsair,Vengeance DDR3 1600 C10 1x8GB,109,31.1,7520,https://ram.userbenchmark.com/SpeedTest/89201/Corsair-Vengeance-CMZ8GX3M1A1600C10-1x8GB
RAM,F3-12800CL9S-4GBRL,G.SKILL,Ripjaws DDR3 1600 C9 1x4GB,110,29.3,579,https://ram.userbenchmark.com/SpeedTest/90810/GSKILL-F3-12800CL9-4GBRL-1x4GB
RAM,F3-12800CL10S-8GBXL,G.SKILL,RipjawsX DDR3 1600 C10 1x8GB,111,28,3175,https://ram.userbenchmark.com/SpeedTest/89412/GSKILL-F3-12800CL10-8GBXL-1x8GB
